[
  {
    "id": "93a3e5eb-2890-4cae-82f6-95e0791c42b3",
    "data": [
      {
        "text": "Can I cancel my coffee order?",
        "userDefined": false
      }
    ],
    "isTemplate": false,
    "count": 0,
    "updated": 1512679990
  },
  {
    "id": "cdb2b06f-a79d-4c41-9f62-c2f3d4a6e625",
    "data": [
      {
        "text": "I want to cancel my order",
        "userDefined": false
      }
    ],
    "isTemplate": false,
    "count": 0,
    "updated": 1512679990
  },
  {
    "id": "ab7329c5-5f49-46f7-b1ae-e5efbef31271",
    "data": [
      {
        "text": "order cancel",
        "userDefined": false
      }
    ],
    "isTemplate": false,
    "count": 0,
    "updated": 1512679990
  },
  {
    "id": "f18e9fb3-2a4a-4553-be20-a4bc326213ed",
    "data": [
      {
        "text": "coffee cancel",
        "userDefined": false
      }
    ],
    "isTemplate": false,
    "count": 0,
    "updated": 1512679990
  }
]