[
  {
    "id": "0e82cbb5-41f2-43ac-bd12-82c07ae27fa7",
    "data": [
      {
        "text": "can i check my order?",
        "userDefined": false
      }
    ],
    "isTemplate": false,
    "count": 0
  },
  {
    "id": "8666ddd3-4359-4b3a-ab8a-641ec844fd3d",
    "data": [
      {
        "text": "check order",
        "userDefined": false
      }
    ],
    "isTemplate": false,
    "count": 0
  },
  {
    "id": "956a825f-3096-4698-9f06-27e6c2aacb5b",
    "data": [
      {
        "text": "order status",
        "userDefined": false
      }
    ],
    "isTemplate": false,
    "count": 0,
    "updated": 1512669930
  },
  {
    "id": "96de8d7c-2454-4347-9a4b-1209e76f9f4c",
    "data": [
      {
        "text": "What is my order status?",
        "userDefined": false
      }
    ],
    "isTemplate": false,
    "count": 0,
    "updated": 1512669930
  },
  {
    "id": "95ab95a5-32cf-47d3-a11b-579447f40a3d",
    "data": [
      {
        "text": "I want to know my order status.",
        "userDefined": false
      }
    ],
    "isTemplate": false,
    "count": 0,
    "updated": 1512669930
  }
]