[
  {
    "id": "a990baf1-fbb5-4662-8ad1-2c4912c40fde",
    "data": [
      {
        "text": "good to know",
        "userDefined": false
      }
    ],
    "isTemplate": false,
    "count": 0
  },
  {
    "id": "2e87e284-fefb-43cb-a779-8ec23828ce34",
    "data": [
      {
        "text": "I got it",
        "userDefined": false
      }
    ],
    "isTemplate": false,
    "count": 0
  },
  {
    "id": "90eb51df-31ed-478e-8767-f745d943fe74",
    "data": [
      {
        "text": "okey",
        "userDefined": false
      }
    ],
    "isTemplate": false,
    "count": 0
  },
  {
    "id": "10569d07-65ce-4dfe-8c66-cc3846438c04",
    "data": [
      {
        "text": "ok",
        "userDefined": false
      }
    ],
    "isTemplate": false,
    "count": 0
  }
]