[
  {
    "id": "4001493b-9c30-40d4-96a3-34cf7524e6ad",
    "data": [
      {
        "text": "Menu",
        "userDefined": false
      }
    ],
    "isTemplate": false,
    "count": 0
  },
  {
    "id": "ce05cce0-c36d-45d2-b544-a637044fd791",
    "data": [
      {
        "text": "I want to see menu",
        "userDefined": false
      }
    ],
    "isTemplate": false,
    "count": 0
  },
  {
    "id": "af01a6ae-5731-49b5-abe1-676f0481b28e",
    "data": [
      {
        "text": "show me the menu",
        "userDefined": false
      }
    ],
    "isTemplate": false,
    "count": 1
  }
]