[
  {
    "id": "364d25c2-0716-4e70-b155-6bae37e3398b",
    "data": [
      {
        "text": "I would like to have it now.",
        "userDefined": false
      }
    ],
    "isTemplate": false,
    "count": 0
  },
  {
    "id": "b37525ac-a6ed-4429-b4f0-dc8f76e81db3",
    "data": [
      {
        "text": "now",
        "userDefined": false
      }
    ],
    "isTemplate": false,
    "count": 0
  },
  {
    "id": "b3c32cfc-4d94-4fce-9d4e-7db1e4cf3cfd",
    "data": [
      {
        "text": "I want now",
        "userDefined": false
      }
    ],
    "isTemplate": false,
    "count": 0
  },
  {
    "id": "9596006b-d3cf-4675-b938-9e18289d1086",
    "data": [
      {
        "text": "definitely not",
        "userDefined": false
      }
    ],
    "isTemplate": false,
    "count": 1,
    "updated": 0
  },
  {
    "id": "f05a2603-b622-4580-8e18-2f93503cb878",
    "data": [
      {
        "text": "no",
        "userDefined": false
      }
    ],
    "isTemplate": false,
    "count": 1,
    "updated": 0
  },
  {
    "id": "79c7b948-43f0-4888-81fc-61a682b0eae2",
    "data": [
      {
        "text": "I don\u0027t think so",
        "userDefined": false
      }
    ],
    "isTemplate": false,
    "count": 0,
    "updated": 0
  },
  {
    "id": "73785a49-6d23-4bc5-9f4d-3964e9edb5e2",
    "data": [
      {
        "text": "I disagree",
        "userDefined": false
      }
    ],
    "isTemplate": false,
    "count": 2,
    "updated": 1498819313
  },
  {
    "id": "01906a2e-5ccb-463c-8e74-29bb46d9aa65",
    "data": [
      {
        "text": "thanks but no",
        "userDefined": false
      }
    ],
    "isTemplate": false,
    "count": 0,
    "updated": 0
  },
  {
    "id": "7971c5eb-457f-4bcf-bc9f-1d00206e1459",
    "data": [
      {
        "text": "don\u0027t do it",
        "userDefined": false
      }
    ],
    "isTemplate": false,
    "count": 0,
    "updated": 0
  },
  {
    "id": "9aeac90c-9468-4506-9178-17d9b98301fc",
    "data": [
      {
        "text": "I don\u0027t want that",
        "userDefined": false
      }
    ],
    "isTemplate": false,
    "count": 0,
    "updated": 0
  },
  {
    "id": "fc4ba8d4-18fe-40d3-a4a1-aa8e7b39cdc2",
    "data": [
      {
        "text": "not really",
        "userDefined": false
      }
    ],
    "isTemplate": false,
    "count": 0,
    "updated": 1498819313
  },
  {
    "id": "c4f31403-2e00-47e4-97d7-0c0a0b64d1b3",
    "data": [
      {
        "text": "not interested",
        "userDefined": false
      }
    ],
    "isTemplate": false,
    "count": 0,
    "updated": 0
  }
]