[
  {
    "id": "6c854a8e-7c24-4f91-a58b-0d9cb2329e8c",
    "data": [
      {
        "text": "10:10:05",
        "alias": "time",
        "meta": "@sys.time",
        "userDefined": false
      }
    ],
    "isTemplate": false,
    "count": 0
  },
  {
    "id": "b264f76d-0d12-4938-b36b-d5a42eae2230",
    "data": [
      {
        "text": "December 7",
        "alias": "date",
        "meta": "@sys.date",
        "userDefined": false
      },
      {
        "text": " ",
        "userDefined": false
      },
      {
        "text": "13:00",
        "alias": "time",
        "meta": "@sys.time",
        "userDefined": false
      }
    ],
    "isTemplate": false,
    "count": 0
  },
  {
    "id": "dc58a5d2-49fe-4954-9ddb-231781509775",
    "data": [
      {
        "text": "11:30",
        "alias": "time",
        "meta": "@sys.time",
        "userDefined": false
      }
    ],
    "isTemplate": false,
    "count": 0
  },
  {
    "id": "b9398858-c645-4632-82c8-eb6f86f8c28f",
    "data": [
      {
        "text": "I would like to get ",
        "userDefined": false
      },
      {
        "text": "at 11:00 am",
        "alias": "time",
        "meta": "@sys.time",
        "userDefined": false
      }
    ],
    "isTemplate": false,
    "count": 1
  },
  {
    "id": "6fe85127-d0c4-4f5c-b1db-a7e7a7bc8885",
    "data": [
      {
        "text": "I want ",
        "userDefined": false
      },
      {
        "text": "15 past 10",
        "alias": "time",
        "meta": "@sys.time",
        "userDefined": false
      },
      {
        "text": ".",
        "userDefined": false
      }
    ],
    "isTemplate": false,
    "count": 0
  },
  {
    "id": "8aa4697d-15d5-48ea-a563-720f9ecf33dc",
    "data": [
      {
        "text": "Bring me the coffee ",
        "userDefined": false
      },
      {
        "text": "in 15 minutes",
        "alias": "time",
        "meta": "@sys.time",
        "userDefined": false
      }
    ],
    "isTemplate": false,
    "count": 0
  },
  {
    "id": "d811cd62-3951-4cfd-b1d4-3c784452b2be",
    "data": [
      {
        "text": "I want to get the coffee ",
        "userDefined": false
      },
      {
        "text": "at 10:00 am",
        "alias": "time",
        "meta": "@sys.time",
        "userDefined": false
      }
    ],
    "isTemplate": false,
    "count": 0
  }
]