[
  {
    "id": "508575e3-7ce4-4a16-9a50-2dfd00fbf6e5",
    "data": [
      {
        "text": "help",
        "userDefined": false
      }
    ],
    "isTemplate": false,
    "count": 0,
    "updated": 0
  },
  {
    "id": "7f058094-25b1-49eb-b3c9-548edd497232",
    "data": [
      {
        "text": "I need some guide",
        "userDefined": false
      }
    ],
    "isTemplate": false,
    "count": 0
  },
  {
    "id": "0866f6d5-8d8d-4af8-8cc3-ed1fba553a97",
    "data": [
      {
        "text": "I need some help.",
        "userDefined": false
      }
    ],
    "isTemplate": false,
    "count": 0
  },
  {
    "id": "dd322054-0c5a-4821-aef3-687f9c9a5926",
    "data": [
      {
        "text": "Please help me.",
        "userDefined": false
      }
    ],
    "isTemplate": false,
    "count": 1
  }
]