[
  {
    "id": "3ac4468e-606c-481f-9fcd-53b2ea56e9ab",
    "data": [
      {
        "text": "I would like to drink coffe",
        "userDefined": false
      }
    ],
    "isTemplate": false,
    "count": 0
  },
  {
    "id": "c03b0eaa-a435-45ff-9450-b700d6172543",
    "data": [
      {
        "text": "I want coffee",
        "userDefined": false
      }
    ],
    "isTemplate": false,
    "count": 0
  },
  {
    "id": "56fc85d6-3e88-4ba6-92a5-2342ebf7dda3",
    "data": [
      {
        "text": "I want to make an order.",
        "userDefined": false
      }
    ],
    "isTemplate": false,
    "count": 1
  },
  {
    "id": "5e45fae4-6b77-4218-870c-c7a71c233b25",
    "data": [
      {
        "text": "Order",
        "userDefined": false
      }
    ],
    "isTemplate": false,
    "count": 0
  },
  {
    "id": "4ef10fb6-179f-411d-99b3-227868d49402",
    "data": [
      {
        "text": "Hi",
        "userDefined": false
      }
    ],
    "isTemplate": false,
    "count": 0
  },
  {
    "id": "a28706ff-3a17-4aef-b32b-46aace9b1b10",
    "data": [
      {
        "text": "Hi my name is ",
        "userDefined": false
      },
      {
        "text": "Daniel",
        "alias": "user-name",
        "meta": "@sys.given-name",
        "userDefined": false
      },
      {
        "text": ".",
        "userDefined": false
      }
    ],
    "isTemplate": false,
    "count": 0
  },
  {
    "id": "cb5d19e8-f0ed-4c0a-9e78-e82c77a6b435",
    "data": [
      {
        "text": "Hello I am ",
        "userDefined": false
      },
      {
        "text": "David",
        "alias": "user-name",
        "meta": "@sys.given-name",
        "userDefined": false
      }
    ],
    "isTemplate": false,
    "count": 1
  },
  {
    "id": "7d3d5310-21fd-4fe1-8e7a-4333cb40e0cf",
    "data": [
      {
        "text": "Nice to meet you",
        "userDefined": false
      }
    ],
    "isTemplate": false,
    "count": 0
  },
  {
    "id": "203eb52d-3cae-4f9f-9a91-a3af835a2aa1",
    "data": [
      {
        "text": "Good morning",
        "userDefined": false
      }
    ],
    "isTemplate": false,
    "count": 0
  },
  {
    "id": "a3103365-1e12-49c8-8e66-37c4e32b307b",
    "data": [
      {
        "text": "Hello",
        "userDefined": false
      }
    ],
    "isTemplate": false,
    "count": 0
  },
  {
    "id": "2469b6d6-ea28-47ef-aa5d-2c1e3c1a21ac",
    "data": [
      {
        "text": "Good afternoon",
        "userDefined": false
      }
    ],
    "isTemplate": false,
    "count": 0
  },
  {
    "id": "85567695-45f4-41a2-8259-ee6b3dd79138",
    "data": [
      {
        "text": "Good Evening",
        "userDefined": false
      }
    ],
    "isTemplate": false,
    "count": 0
  },
  {
    "id": "d4e65f35-9c47-46fa-9178-4a1fd3871dee",
    "data": [
      {
        "text": "Good day",
        "userDefined": false
      }
    ],
    "isTemplate": false,
    "count": 1
  }
]