[
  {
    "id": "becd33b2-523f-42e8-9ef6-1ad6608da370",
    "data": [
      {
        "text": "Tell me something funny.",
        "userDefined": false
      }
    ],
    "isTemplate": false,
    "count": 0
  },
  {
    "id": "eae7be86-3512-46a8-ba93-5195ea43913d",
    "data": [
      {
        "text": "I need some humor",
        "userDefined": false
      }
    ],
    "isTemplate": false,
    "count": 0
  },
  {
    "id": "631003b8-06d8-45be-b81f-9ad6616a0e9f",
    "data": [
      {
        "text": "Tell me a joke",
        "userDefined": false
      }
    ],
    "isTemplate": false,
    "count": 0
  },
  {
    "id": "d7e8c831-4050-4de6-b757-ff8db222d136",
    "data": [
      {
        "text": "I want something funny",
        "userDefined": false
      }
    ],
    "isTemplate": false,
    "count": 0
  },
  {
    "id": "aea378ee-d8bd-48d9-9268-ef349a85a9e5",
    "data": [
      {
        "text": "Make me laugh.",
        "userDefined": false
      }
    ],
    "isTemplate": false,
    "count": 0
  }
]