[
  {
    "id": "396d3402-535d-448f-a90f-b815a457d47e",
    "data": [
      {
        "text": "I had terrible day",
        "userDefined": false
      }
    ],
    "isTemplate": false,
    "count": 0,
    "updated": 0
  },
  {
    "id": "93ff0fcf-22e3-451c-89f4-b51e47cb8dea",
    "data": [
      {
        "text": "I am sad",
        "userDefined": false
      }
    ],
    "isTemplate": false,
    "count": 0,
    "updated": 0
  },
  {
    "id": "a238cf84-8b96-4d54-b928-6ebe5f7f5f6a",
    "data": [
      {
        "text": "I had terrible day",
        "userDefined": false
      }
    ],
    "isTemplate": false,
    "count": 0,
    "updated": 0
  },
  {
    "id": "6f46c6da-2e20-4cd9-a1a1-50d9aaea5965",
    "data": [
      {
        "text": "I am sad",
        "userDefined": false
      }
    ],
    "isTemplate": false,
    "count": 0,
    "updated": 0
  },
  {
    "id": "e41dcf6e-265a-4085-8a72-fe6eb11530ae",
    "data": [
      {
        "text": "I am not so good.",
        "userDefined": false
      }
    ],
    "isTemplate": false,
    "count": 0,
    "updated": 0
  },
  {
    "id": "4e8b1a63-bb44-49c0-95c5-71cb4af27e77",
    "data": [
      {
        "text": "I am not feeling okey.",
        "userDefined": false
      }
    ],
    "isTemplate": false,
    "count": 0,
    "updated": 0
  }
]