[
  {
    "id": "8e5c077e-386e-4f16-8514-6a848273bdaf",
    "data": [
      {
        "text": "who are you",
        "userDefined": false
      }
    ],
    "isTemplate": false,
    "count": 0,
    "updated": 0
  },
  {
    "id": "871f332f-3410-4bef-bc3f-1c0870de9f03",
    "data": [
      {
        "text": "who is this?",
        "userDefined": false
      }
    ],
    "isTemplate": false,
    "count": 0,
    "updated": 0
  },
  {
    "id": "92a40020-1454-47c0-8e79-0805c7557033",
    "data": [
      {
        "text": "What is your name?",
        "userDefined": false
      }
    ],
    "isTemplate": false,
    "count": 0,
    "updated": 0
  },
  {
    "id": "d290808d-f188-44c5-b402-5a439f611c40",
    "data": [
      {
        "text": "who are you",
        "userDefined": false
      }
    ],
    "isTemplate": false,
    "count": 0,
    "updated": 0
  },
  {
    "id": "1fd5e0f8-d0c7-47cb-afe9-a918d0909ca6",
    "data": [
      {
        "text": "Introduce your self.",
        "userDefined": false
      }
    ],
    "isTemplate": false,
    "count": 0,
    "updated": 0
  },
  {
    "id": "f130a36f-8929-4139-b1f2-03dbc11aafb3",
    "data": [
      {
        "text": "Tell me about your self.",
        "userDefined": false
      }
    ],
    "isTemplate": false,
    "count": 0,
    "updated": 0
  }
]