[
  {
    "id": "718deba9-ce0f-4a36-9236-926396127799",
    "data": [
      {
        "text": "What is your nationality.",
        "userDefined": false
      }
    ],
    "isTemplate": false,
    "count": 0,
    "updated": 1512830209
  },
  {
    "id": "a362fca2-000a-42e5-97eb-f54ba8f19dc0",
    "data": [
      {
        "text": "Where is your home town.",
        "userDefined": false
      }
    ],
    "isTemplate": false,
    "count": 0,
    "updated": 1512830209
  },
  {
    "id": "86e4714a-9b49-4a8a-bce0-9c3215e50585",
    "data": [
      {
        "text": "Where are you from?",
        "userDefined": false
      }
    ],
    "isTemplate": false,
    "count": 0,
    "updated": 1512830209
  }
]