[
  {
    "value": "Caffe Americano",
    "synonyms": [
      "Caffe Americano",
      "Americano"
    ]
  },
  {
    "value": "Caffe Latte",
    "synonyms": [
      "Caffe Latte",
      "Latte"
    ]
  },
  {
    "value": "Caffe Mocha",
    "synonyms": [
      "Caffe Mocha",
      "Mocha"
    ]
  },
  {
    "value": "Brewed Coffee",
    "synonyms": [
      "Brewed Coffee",
      "today\u0027s coffee",
      "drip coffee",
      "brewed coffe",
      "brewed",
      "drip"
    ]
  },
  {
    "value": "Cappuccino",
    "synonyms": [
      "Cappuccino",
      "Capucino",
      "Capuccino",
      "Cappucino"
    ]
  }
]